,Date_time,Open,High,Low,Close,Zones,Prox,Dist,SZ_Prox,SZ_Dist,DZ_Prox,DZ_Dist
0,08/04/21 15:25,14879.7,14881.7,14873.95,14877.5,,,,14944.2,14961.8,14808.85,14804.55
1,08/04/21 15:20,14879.5,14884.8,14872.15,14879.25,,,,14944.2,14961.8,14808.85,14804.55
2,08/04/21 15:15,14866.5,14884.4,14865.85,14879.95,SZ,14872.65,14896.25,14944.2,14961.8,14808.85,14804.55
3,08/04/21 15:10,14879.4,14880.65,14864.9,14866.65,,,,14944.2,14961.8,14808.85,14804.55
4,08/04/21 15:05,14872.65,14896.25,14871.75,14879.3,,,,14944.2,14961.8,14808.85,14804.55
5,08/04/21 15:00,14840.2,14876.9,14821.1,14872.6,,,,14944.2,14961.8,14808.85,14804.55
6,08/04/21 14:55,14878.1,14879.75,14841.55,14841.9,,,,14944.2,14961.8,14808.85,14804.55
7,08/04/21 14:50,14879.8,14883.95,14870.15,14878.8,,,,14944.2,14961.8,14808.85,14804.55
8,08/04/21 14:45,14890.1,14890.1,14868.7,14879.7,,,,14944.2,14961.8,14808.85,14804.55
9,08/04/21 14:40,14888.45,14897.55,14881.9,14892.4,,,,14944.2,14961.8,14808.85,14804.55
10,08/04/21 14:35,14880.85,14888.25,14853.5,14888.25,,,,14944.2,14961.8,14808.85,14804.55
11,08/04/21 14:30,14919.3,14919.3,14872.45,14882.45,,,,14944.2,14961.8,14808.85,14804.55
12,08/04/21 14:25,14940.7,14942.75,14920.25,14920.25,,,,14944.2,14961.8,14808.85,14804.55
13,08/04/21 14:20,14924.55,14942.85,14923.2,14941.45,SZ,14944.2,14961.8,14958.15,14967.65,14808.85,14804.55
14,08/04/21 14:15,14945.5,14946.35,14922.45,14925.3,,,,14958.15,14967.65,14808.85,14804.55
15,08/04/21 14:10,14944.8,14951.85,14940.95,14946.2,,,,14958.15,14967.65,14808.85,14804.55
16,08/04/21 14:05,14950.35,14950.6,14934.0,14944.2,,,,14958.15,14967.65,14808.85,14804.55
17,08/04/21 14:00,14948.45,14961.8,14946.05,14950.45,SZ,14958.15,14967.65,0.0,0.0,14808.85,14804.55
18,08/04/21 13:55,14957.7,14961.4,14946.7,14947.65,,,,0.0,0.0,14808.85,14804.55
19,08/04/21 13:50,14962.9,14967.65,14950.25,14958.15,,,,0.0,0.0,14808.85,14804.55
20,08/04/21 13:45,14973.9,14974.6,14961.9,14963.0,,,,0.0,0.0,14808.85,14804.55
21,08/04/21 13:40,14981.25,14984.15,14970.95,14973.65,DZ,14964.75,14951.35,0.0,0.0,14808.85,14804.55
22,08/04/21 13:35,14964.8,14982.65,14962.0,14980.8,,,,0.0,0.0,14808.85,14804.55
23,08/04/21 13:30,14957.0,14969.65,14951.35,14964.75,,,,0.0,0.0,14808.85,14804.55
24,08/04/21 13:25,14962.5,14968.9,14954.95,14956.8,,,,0.0,0.0,14808.85,14804.55
25,08/04/21 13:20,14952.05,14963.8,14946.2,14962.75,,,,0.0,0.0,14808.85,14804.55
26,08/04/21 13:15,14932.2,14953.6,14931.25,14951.95,,,,0.0,0.0,14808.85,14804.55
27,08/04/21 13:10,14927.25,14932.85,14918.4,14932.6,,,,0.0,0.0,14808.85,14804.55
28,08/04/21 13:05,14933.65,14940.9,14921.7,14927.3,,,,0.0,0.0,14808.85,14804.55
29,08/04/21 13:00,14934.0,14936.0,14928.0,14933.45,,,,0.0,0.0,14808.85,14804.55
30,08/04/21 12:55,14935.6,14941.6,14930.5,14934.45,,,,0.0,0.0,14808.85,14804.55
31,08/04/21 12:50,14940.1,14941.15,14931.45,14935.65,,,,0.0,0.0,14808.85,14804.55
32,08/04/21 12:45,14943.0,14951.75,14939.95,14940.5,,,,0.0,0.0,14808.85,14804.55
33,08/04/21 12:40,14939.8,14944.1,14932.7,14943.95,,,,0.0,0.0,14808.85,14804.55
34,08/04/21 12:35,14939.45,14941.0,14928.2,14940.1,,,,0.0,0.0,14808.85,14804.55
35,08/04/21 12:30,14923.2,14944.1,14923.2,14940.4,DZ,14916.95,14909.1,0.0,0.0,14808.85,14804.55
36,08/04/21 12:25,14912.35,14927.85,14912.1,14922.6,,,,0.0,0.0,14808.85,14804.55
37,08/04/21 12:20,14916.95,14927.1,14909.1,14911.8,,,,0.0,0.0,14808.85,14804.55
38,08/04/21 12:15,14889.0,14917.15,14885.25,14917.15,,,,0.0,0.0,14808.85,14804.55
39,08/04/21 12:10,14910.5,14910.5,14887.65,14888.25,,,,0.0,0.0,14808.85,14804.55
40,08/04/21 12:05,14916.75,14916.75,14910.3,14910.7,SZ,14911.2,14928.25,0.0,0.0,14808.85,14804.55
41,08/04/21 12:00,14922.25,14923.0,14914.0,14916.65,,,,0.0,0.0,14808.85,14804.55
42,08/04/21 11:55,14918.4,14922.5,14911.9,14922.1,,,,0.0,0.0,14808.85,14804.55
43,08/04/21 11:50,14911.2,14928.25,14909.75,14918.45,,,,0.0,0.0,14808.85,14804.55
44,08/04/21 11:45,14914.45,14919.0,14901.9,14912.15,,,,0.0,0.0,14808.85,14804.55
45,08/04/21 11:40,14933.3,14933.3,14913.8,14914.75,,,,0.0,0.0,14808.85,14804.55
46,08/04/21 11:35,14949.7,14952.6,14928.8,14933.45,DZ,14946.05,14933.7,0.0,0.0,14808.85,14804.55
47,08/04/21 11:30,14942.75,14951.6,14942.65,14949.45,,,,0.0,0.0,14808.85,14804.55
48,08/04/21 11:25,14946.05,14949.55,14942.45,14942.95,,,,0.0,0.0,14808.85,14804.55
49,08/04/21 11:20,14943.5,14955.0,14940.45,14945.95,,,,0.0,0.0,14808.85,14804.55
50,08/04/21 11:15,14940.0,14945.3,14933.7,14943.2,SZ,14949.45,14959.9,0.0,0.0,14808.85,14804.55
51,08/04/21 11:10,14952.5,14957.2,14940.55,14940.55,,,,0.0,0.0,14808.85,14804.55
52,08/04/21 11:05,14949.45,14956.35,14946.45,14951.85,,,,0.0,0.0,14808.85,14804.55
53,08/04/21 11:00,14952.2,14959.9,14949.0,14949.9,,,,0.0,0.0,14808.85,14804.55
54,08/04/21 10:55,14942.45,14953.7,14940.55,14951.95,,,,0.0,0.0,14808.85,14804.55
55,08/04/21 10:50,14943.5,14951.9,14939.65,14942.4,,,,0.0,0.0,14808.85,14804.55
56,08/04/21 10:45,14946.4,14946.4,14939.85,14944.1,,,,0.0,0.0,14808.85,14804.55
57,08/04/21 10:40,14949.95,14954.05,14946.4,14946.9,,,,0.0,0.0,14808.85,14804.55
58,08/04/21 10:35,14951.7,14959.25,14949.4,14949.4,,,,0.0,0.0,14808.85,14804.55
59,08/04/21 10:30,14943.1,14954.4,14942.65,14951.95,DZ,14935.35,14934.7,0.0,0.0,14808.85,14804.55
60,08/04/21 10:25,14934.75,14944.65,14934.15,14943.75,,,,0.0,0.0,14808.85,14804.55
61,08/04/21 10:20,14935.05,14942.65,14934.7,14935.35,SZ,14943.05,14946.6,0.0,0.0,14808.85,14804.55
62,08/04/21 10:15,14941.2,14945.1,14931.9,14934.4,,,,0.0,0.0,14808.85,14804.55
63,08/04/21 10:10,14943.45,14946.6,14939.3,14943.05,DZ,14936.1,14930.1,0.0,0.0,14808.85,14804.55
64,08/04/21 10:05,14936.15,14943.4,14932.7,14943.4,,,,0.0,0.0,14808.85,14804.55
65,08/04/21 10:00,14930.7,14949.6,14930.1,14936.1,DZ,14927.6,14904.95,0.0,0.0,14808.85,14804.55
66,08/04/21 9:55,14925.0,14934.7,14924.7,14930.3,,,,0.0,0.0,14808.85,14804.55
67,08/04/21 9:50,14927.6,14927.6,14904.95,14924.95,,,,0.0,0.0,14808.85,14804.55
68,08/04/21 9:45,14937.5,14938.35,14922.0,14926.25,,,,0.0,0.0,14808.85,14804.55
69,08/04/21 9:40,14923.75,14937.45,14922.9,14937.4,,,,0.0,0.0,14808.85,14804.55
70,08/04/21 9:35,14929.55,14937.65,14924.25,14924.45,,,,0.0,0.0,14808.85,14804.55
71,08/04/21 9:30,14931.0,14936.4,14920.0,14928.6,,,,0.0,0.0,14808.85,14804.55
72,08/04/21 9:25,14923.5,14931.65,14913.2,14928.95,,,,0.0,0.0,14808.85,14804.55
73,08/04/21 9:20,14928.85,14939.15,14920.95,14922.65,DZ,14808.85,14804.55,0.0,0.0,14772.6,14760.55
74,08/04/21 9:15,14879.6,14930.05,14864.55,14928.4,,,,0.0,0.0,14772.6,14760.55
75,07/04/21 15:25,14807.2,14812.8,14804.55,14808.85,SZ,14818.35,14826.5,14865.3,14879.8,14772.6,14760.55
76,07/04/21 15:20,14820.35,14821.3,14806.65,14807.0,,,,14865.3,14879.8,14772.6,14760.55
77,07/04/21 15:15,14818.35,14823.65,14817.45,14821.15,,,,14865.3,14879.8,14772.6,14760.55
78,07/04/21 15:10,14823.2,14826.5,14816.4,14818.45,,,,14865.3,14879.8,14772.6,14760.55
79,07/04/21 15:05,14827.6,14830.2,14823.0,14823.1,DZ,14817.85,14808.1,14865.3,14879.8,14772.6,14760.55
80,07/04/21 15:00,14807.55,14835.55,14805.3,14828.1,,,,14865.3,14879.8,14772.6,14760.55
81,07/04/21 14:55,14813.75,14822.55,14808.15,14808.25,,,,14865.3,14879.8,14772.6,14760.55
82,07/04/21 14:50,14817.85,14819.65,14808.1,14814.05,,,,14865.3,14879.8,14772.6,14760.55
83,07/04/21 14:45,14826.95,14827.25,14809.7,14817.75,,,,14865.3,14879.8,14772.6,14760.55
84,07/04/21 14:40,14845.7,14845.85,14826.4,14826.4,,,,14865.3,14879.8,14772.6,14760.55
85,07/04/21 14:35,14852.7,14854.15,14841.9,14845.1,,,,14865.3,14879.8,14772.6,14760.55
86,07/04/21 14:30,14834.9,14856.4,14833.85,14853.25,,,,14865.3,14879.8,14772.6,14760.55
87,07/04/21 14:25,14835.7,14839.35,14831.2,14835.1,,,,14865.3,14879.8,14772.6,14760.55
88,07/04/21 14:20,14836.4,14844.3,14835.45,14836.05,,,,14865.3,14879.8,14772.6,14760.55
89,07/04/21 14:15,14834.1,14837.15,14823.0,14836.1,,,,14865.3,14879.8,14772.6,14760.55
90,07/04/21 14:10,14832.15,14842.15,14827.1,14834.15,,,,14865.3,14879.8,14772.6,14760.55
91,07/04/21 14:05,14836.3,14838.45,14830.65,14832.6,,,,14865.3,14879.8,14772.6,14760.55
92,07/04/21 14:00,14836.6,14845.8,14830.6,14837.2,DZ,14817.9,14813.8,14865.3,14879.8,14772.6,14760.55
93,07/04/21 13:55,14818.2,14838.45,14815.85,14837.6,,,,14865.3,14879.8,14772.6,14760.55
94,07/04/21 13:50,14815.2,14831.9,14813.8,14817.9,,,,14865.3,14879.8,14772.6,14760.55
95,07/04/21 13:45,14778.45,14818.55,14778.45,14814.85,SZ,14813.2,14829.85,14865.3,14879.8,14772.6,14760.55
96,07/04/21 13:40,14816.8,14817.55,14776.15,14778.55,,,,14865.3,14879.8,14772.6,14760.55
97,07/04/21 13:35,14813.2,14829.85,14812.5,14817.2,,,,14865.3,14879.8,14772.6,14760.55
98,07/04/21 13:30,14816.05,14820.6,14804.8,14813.25,,,,14865.3,14879.8,14772.6,14760.55
99,07/04/21 13:25,14813.65,14825.95,14801.2,14815.9,,,,14865.3,14879.8,14772.6,14760.55
100,07/04/21 13:20,14835.4,14837.15,14812.5,14813.75,SZ,14865.3,14879.8,0.0,0.0,14772.6,14760.55
101,07/04/21 13:15,14872.35,14872.65,14807.0,14836.9,,,,0.0,0.0,14772.6,14760.55
102,07/04/21 13:10,14865.3,14879.8,14865.2,14872.1,,,,0.0,0.0,14772.6,14760.55
103,07/04/21 13:05,14860.1,14867.0,14859.8,14865.0,,,,0.0,0.0,14772.6,14760.55
104,07/04/21 13:00,14853.15,14859.35,14850.15,14859.35,,,,0.0,0.0,14772.6,14760.55
105,07/04/21 12:55,14860.95,14861.6,14849.1,14852.9,,,,0.0,0.0,14772.6,14760.55
106,07/04/21 12:50,14852.15,14868.25,14851.1,14860.35,,,,0.0,0.0,14772.6,14760.55
107,07/04/21 12:45,14844.5,14853.4,14831.7,14853.4,,,,0.0,0.0,14772.6,14760.55
108,07/04/21 12:40,14846.1,14853.4,14843.65,14844.3,,,,0.0,0.0,14772.6,14760.55
109,07/04/21 12:35,14841.45,14850.4,14837.0,14846.15,,,,0.0,0.0,14772.6,14760.55
110,07/04/21 12:30,14843.6,14849.45,14839.95,14841.2,,,,0.0,0.0,14772.6,14760.55
111,07/04/21 12:25,14840.95,14846.25,14837.75,14843.65,,,,0.0,0.0,14772.6,14760.55
112,07/04/21 12:20,14846.25,14849.8,14838.95,14840.6,,,,0.0,0.0,14772.6,14760.55
113,07/04/21 12:15,14858.25,14858.55,14844.6,14846.5,,,,0.0,0.0,14772.6,14760.55
114,07/04/21 12:10,14849.05,14862.75,14844.5,14858.45,DZ,14834.65,14819.9,0.0,0.0,14772.6,14760.55
115,07/04/21 12:05,14835.0,14854.35,14834.1,14848.4,,,,0.0,0.0,14772.6,14760.55
116,07/04/21 12:00,14827.7,14834.95,14819.9,14834.65,,,,0.0,0.0,14772.6,14760.55
117,07/04/21 11:55,14832.3,14838.45,14820.15,14828.0,,,,0.0,0.0,14772.6,14760.55
118,07/04/21 11:50,14842.05,14845.75,14825.9,14831.55,,,,0.0,0.0,14772.6,14760.55
119,07/04/21 11:45,14851.1,14851.8,14840.95,14842.25,,,,0.0,0.0,14772.6,14760.55
120,07/04/21 11:40,14850.55,14851.95,14842.0,14851.3,,,,0.0,0.0,14772.6,14760.55
121,07/04/21 11:35,14852.45,14855.8,14849.4,14850.75,,,,0.0,0.0,14772.6,14760.55
122,07/04/21 11:30,14852.05,14862.15,14849.95,14853.15,,,,0.0,0.0,14772.6,14760.55
123,07/04/21 11:25,14847.5,14853.05,14842.85,14852.3,,,,0.0,0.0,14772.6,14760.55
124,07/04/21 11:20,14845.3,14850.65,14835.05,14846.9,SZ,14847.85,14861.4,0.0,0.0,14772.6,14760.55
125,07/04/21 11:15,14856.65,14867.55,14845.35,14845.35,,,,0.0,0.0,14772.6,14760.55
126,07/04/21 11:10,14847.85,14861.4,14835.65,14855.85,DZ,14837.45,14831.1,14863.7,14883.2,14772.6,14760.55
127,07/04/21 11:05,14837.05,14854.1,14833.8,14847.8,,,,14863.7,14883.2,14772.6,14760.55
128,07/04/21 11:00,14831.3,14850.3,14831.1,14837.45,,,,14863.7,14883.2,14772.6,14760.55
129,07/04/21 10:55,14786.7,14833.85,14786.7,14832.3,DZ,14772.6,14760.55,14863.7,14883.2,0.0,0.0
130,07/04/21 10:50,14772.1,14786.5,14769.1,14785.65,,,,14863.7,14883.2,0.0,0.0
131,07/04/21 10:45,14768.55,14777.05,14760.55,14772.6,SZ,14776.95,14794.9,14863.7,14883.2,0.0,0.0
132,07/04/21 10:40,14784.0,14784.5,14766.05,14768.35,,,,14863.7,14883.2,0.0,0.0
133,07/04/21 10:35,14776.95,14788.6,14769.3,14784.05,,,,14863.7,14883.2,0.0,0.0
134,07/04/21 10:30,14785.8,14794.9,14772.1,14777.25,,,,14863.7,14883.2,0.0,0.0
135,07/04/21 10:25,14776.2,14791.05,14775.4,14786.25,,,,14863.7,14883.2,0.0,0.0
136,07/04/21 10:20,14772.3,14777.1,14760.35,14775.75,,,,14863.7,14883.2,0.0,0.0
137,07/04/21 10:15,14786.4,14791.7,14748.0,14772.4,,,,14863.7,14883.2,0.0,0.0
138,07/04/21 10:10,14800.45,14804.45,14774.3,14787.0,,,,14863.7,14883.2,0.0,0.0
139,07/04/21 10:05,14793.4,14809.7,14790.35,14799.05,,,,14863.7,14883.2,0.0,0.0
140,07/04/21 10:00,14771.2,14804.6,14758.55,14792.95,SZ,14772.15,14783.9,14863.7,14883.2,0.0,0.0
141,07/04/21 9:55,14780.3,14782.6,14767.95,14771.85,,,,14863.7,14883.2,0.0,0.0
142,07/04/21 9:50,14772.3,14782.9,14758.65,14780.55,,,,14863.7,14883.2,0.0,0.0
143,07/04/21 9:45,14772.15,14783.9,14768.6,14772.25,DZ,14748.55,14735.05,14863.7,14883.2,0.0,0.0
144,07/04/21 9:40,14743.45,14775.1,14740.35,14772.45,,,,14863.7,14883.2,0.0,0.0
145,07/04/21 9:35,14742.9,14748.9,14735.05,14742.95,,,,14863.7,14883.2,0.0,0.0
146,07/04/21 9:30,14748.55,14757.2,14738.2,14741.45,,,,14863.7,14883.2,0.0,0.0
147,07/04/21 9:25,14735.1,14754.05,14729.4,14748.6,,,,14863.7,14883.2,0.0,0.0
148,07/04/21 9:20,14731.35,14748.1,14717.95,14734.65,,,,14863.7,14883.2,0.0,0.0
149,07/04/21 9:15,14726.3,14736.15,14649.85,14731.1,,,,14863.7,14883.2,0.0,0.0
150,06/04/21 15:25,14702.45,14703.4,14697.1,14700.8,,,,14863.7,14883.2,0.0,0.0
151,06/04/21 15:20,14694.55,14703.55,14687.0,14702.65,DZ,14680.8,14663.35,14863.7,14883.2,0.0,0.0
152,06/04/21 15:15,14680.75,14695.0,14680.75,14693.15,,,,14863.7,14883.2,0.0,0.0
153,06/04/21 15:10,14674.75,14680.8,14666.9,14680.8,,,,14863.7,14883.2,0.0,0.0
154,06/04/21 15:05,14668.6,14680.95,14663.35,14674.8,,,,14863.7,14883.2,0.0,0.0
155,06/04/21 15:00,14654.3,14669.9,14653.4,14669.9,,,,14863.7,14883.2,0.0,0.0
156,06/04/21 14:55,14663.0,14664.15,14651.45,14653.9,,,,14863.7,14883.2,0.0,0.0
157,06/04/21 14:50,14647.75,14672.75,14646.0,14663.35,,,,14863.7,14883.2,0.0,0.0
158,06/04/21 14:45,14650.35,14664.0,14644.15,14647.1,,,,14863.7,14883.2,0.0,0.0
159,06/04/21 14:40,14650.85,14658.75,14646.05,14650.25,,,,14863.7,14883.2,0.0,0.0
160,06/04/21 14:35,14653.2,14658.2,14641.35,14650.75,,,,14863.7,14883.2,0.0,0.0
161,06/04/21 14:30,14661.1,14664.0,14648.55,14654.35,,,,14863.7,14883.2,0.0,0.0
162,06/04/21 14:25,14663.35,14671.3,14655.85,14660.5,,,,14863.7,14883.2,0.0,0.0
163,06/04/21 14:20,14669.25,14673.15,14661.2,14663.7,,,,14863.7,14883.2,0.0,0.0
164,06/04/21 14:15,14654.05,14671.7,14642.5,14669.0,,,,14863.7,14883.2,0.0,0.0
165,06/04/21 14:10,14649.15,14664.25,14647.5,14654.3,,,,14863.7,14883.2,0.0,0.0
166,06/04/21 14:05,14648.15,14654.55,14643.55,14649.0,,,,14863.7,14883.2,0.0,0.0
167,06/04/21 14:00,14638.0,14658.05,14637.55,14647.75,,,,14863.7,14883.2,0.0,0.0
168,06/04/21 13:55,14646.55,14651.15,14633.85,14638.1,,,,14863.7,14883.2,0.0,0.0
169,06/04/21 13:50,14658.2,14666.65,14644.5,14646.35,,,,14863.7,14883.2,0.0,0.0
170,06/04/21 13:45,14638.85,14659.75,14627.4,14657.6,SZ,14651.3,14676.4,14863.7,14883.2,0.0,0.0
171,06/04/21 13:40,14654.25,14654.25,14632.85,14639.55,,,,14863.7,14883.2,0.0,0.0
172,06/04/21 13:35,14660.15,14669.35,14655.15,14655.15,,,,14863.7,14883.2,0.0,0.0
173,06/04/21 13:30,14651.3,14676.4,14647.3,14657.4,SZ,14662.15,14681.0,14863.7,14883.2,0.0,0.0
174,06/04/21 13:25,14661.2,14664.9,14650.8,14652.35,,,,14863.7,14883.2,0.0,0.0
175,06/04/21 13:20,14668.1,14681.0,14660.15,14662.15,,,,14863.7,14883.2,0.0,0.0
176,06/04/21 13:15,14691.4,14696.8,14666.75,14668.65,,,,14863.7,14883.2,0.0,0.0
177,06/04/21 13:10,14684.65,14699.5,14683.5,14692.7,,,,14863.7,14883.2,0.0,0.0
178,06/04/21 13:05,14655.6,14696.05,14650.15,14685.35,,,,14863.7,14883.2,0.0,0.0
179,06/04/21 13:00,14664.45,14667.6,14649.65,14655.9,,,,14863.7,14883.2,0.0,0.0
180,06/04/21 12:55,14660.9,14673.95,14655.85,14663.5,,,,14863.7,14883.2,0.0,0.0
181,06/04/21 12:50,14659.15,14670.35,14644.25,14662.1,,,,14863.7,14883.2,0.0,0.0
182,06/04/21 12:45,14633.05,14666.15,14609.8,14659.7,,,,14863.7,14883.2,0.0,0.0
183,06/04/21 12:40,14671.2,14672.75,14633.35,14633.35,,,,14863.7,14883.2,0.0,0.0
184,06/04/21 12:35,14685.4,14685.4,14662.25,14671.55,SZ,14704.95,14711.9,14863.7,14883.2,0.0,0.0
185,06/04/21 12:30,14705.35,14715.45,14684.55,14685.55,,,,14863.7,14883.2,0.0,0.0
186,06/04/21 12:25,14711.9,14711.9,14696.9,14704.95,,,,14863.7,14883.2,0.0,0.0
187,06/04/21 12:20,14722.35,14723.15,14709.4,14711.45,,,,14863.7,14883.2,0.0,0.0
188,06/04/21 12:15,14722.65,14736.8,14721.45,14722.5,,,,14863.7,14883.2,0.0,0.0
189,06/04/21 12:10,14716.75,14726.15,14713.45,14722.9,,,,14863.7,14883.2,0.0,0.0
190,06/04/21 12:05,14719.2,14722.55,14712.15,14716.05,,,,14863.7,14883.2,0.0,0.0
191,06/04/21 12:00,14723.1,14725.3,14711.25,14718.95,,,,14863.7,14883.2,0.0,0.0
192,06/04/21 11:55,14716.2,14732.9,14716.0,14723.05,,,,14863.7,14883.2,0.0,0.0
193,06/04/21 11:50,14717.7,14722.95,14706.85,14717.05,,,,14863.7,14883.2,0.0,0.0
194,06/04/21 11:45,14732.15,14737.5,14715.1,14717.55,SZ,14745.5,14752.75,14863.7,14883.2,0.0,0.0
195,06/04/21 11:40,14748.8,14749.85,14730.65,14732.6,,,,14863.7,14883.2,0.0,0.0
196,06/04/21 11:35,14745.5,14752.75,14736.4,14748.25,,,,14863.7,14883.2,0.0,0.0
197,06/04/21 11:30,14756.55,14760.15,14745.4,14746.1,SZ,14767.35,14775.65,14863.7,14883.2,0.0,0.0
198,06/04/21 11:25,14770.5,14779.1,14755.8,14756.5,,,,14863.7,14883.2,0.0,0.0
199,06/04/21 11:20,14767.35,14775.65,14762.7,14771.05,DZ,14751.65,14724.45,14863.7,14883.2,0.0,0.0
200,06/04/21 11:15,14751.55,14774.45,14751.55,14767.1,,,,14863.7,14883.2,0.0,0.0
201,06/04/21 11:10,14738.5,14765.2,14738.35,14751.65,,,,14863.7,14883.2,0.0,0.0
202,06/04/21 11:05,14739.65,14740.5,14724.45,14738.9,DZ,14732.85,14724.3,14863.7,14883.2,0.0,0.0
203,06/04/21 11:00,14732.55,14745.55,14732.2,14739.6,,,,14863.7,14883.2,0.0,0.0
204,06/04/21 10:55,14729.15,14742.55,14728.95,14732.85,,,,14863.7,14883.2,0.0,0.0
205,06/04/21 10:50,14729.15,14734.15,14724.3,14729.45,,,,14863.7,14883.2,0.0,0.0
206,06/04/21 10:45,14735.55,14736.65,14724.85,14729.0,,,,14863.7,14883.2,0.0,0.0
207,06/04/21 10:40,14713.55,14738.5,14713.0,14735.85,DZ,14703.65,14671.15,14863.7,14883.2,0.0,0.0
208,06/04/21 10:35,14703.55,14718.8,14702.8,14713.6,,,,14863.7,14883.2,0.0,0.0
209,06/04/21 10:30,14700.2,14712.4,14690.95,14703.65,,,,14863.7,14883.2,0.0,0.0
210,06/04/21 10:25,14692.1,14703.05,14682.05,14700.55,,,,14863.7,14883.2,0.0,0.0
211,06/04/21 10:20,14688.65,14699.3,14671.15,14691.5,SZ,14711.2,14736.25,14863.7,14883.2,0.0,0.0
212,06/04/21 10:15,14721.05,14722.05,14673.25,14687.65,,,,14863.7,14883.2,0.0,0.0
213,06/04/21 10:10,14723.4,14736.25,14719.9,14721.95,,,,14863.7,14883.2,0.0,0.0
214,06/04/21 10:05,14712.6,14723.9,14703.75,14722.3,,,,14863.7,14883.2,0.0,0.0
215,06/04/21 10:00,14722.9,14731.5,14699.7,14711.2,,,,14863.7,14883.2,0.0,0.0
216,06/04/21 9:55,14732.8,14736.45,14721.6,14723.3,SZ,14729.55,14744.0,14863.7,14883.2,0.0,0.0
217,06/04/21 9:50,14742.05,14742.4,14728.9,14732.3,,,,14863.7,14883.2,0.0,0.0
218,06/04/21 9:45,14729.55,14744.0,14707.75,14742.3,,,,14863.7,14883.2,0.0,0.0
219,06/04/21 9:40,14747.5,14757.75,14728.55,14729.8,,,,14863.7,14883.2,0.0,0.0
220,06/04/21 9:35,14718.75,14756.9,14718.75,14747.95,,,,14863.7,14883.2,0.0,0.0
221,06/04/21 9:30,14703.2,14730.75,14700.75,14718.8,,,,14863.7,14883.2,0.0,0.0
222,06/04/21 9:25,14623.55,14702.85,14623.55,14701.8,,,,14863.7,14883.2,0.0,0.0
223,06/04/21 9:20,14589.05,14626.55,14573.9,14623.75,,,,14863.7,14883.2,0.0,0.0
224,06/04/21 9:15,14738.15,14738.15,14590.55,14591.45,,,,14863.7,14883.2,0.0,0.0
225,05/04/21 15:25,14648.15,14653.15,14645.7,14649.05,,,,14863.7,14883.2,0.0,0.0
226,05/04/21 15:20,14638.95,14651.0,14629.7,14648.3,,,,14863.7,14883.2,0.0,0.0
227,05/04/21 15:15,14632.3,14638.75,14626.8,14637.3,,,,14863.7,14883.2,0.0,0.0
228,05/04/21 15:10,14634.7,14637.1,14622.45,14632.35,,,,14863.7,14883.2,0.0,0.0
229,05/04/21 15:05,14634.6,14641.35,14626.95,14635.0,SZ,14642.95,14666.35,14863.7,14883.2,0.0,0.0
230,05/04/21 15:00,14654.35,14658.9,14628.45,14635.4,,,,14863.7,14883.2,0.0,0.0
231,05/04/21 14:55,14649.15,14660.95,14642.35,14654.8,,,,14863.7,14883.2,0.0,0.0
232,05/04/21 14:50,14642.95,14666.35,14642.65,14649.3,,,,14863.7,14883.2,0.0,0.0
233,05/04/21 14:45,14654.5,14654.5,14632.9,14644.0,SZ,14661.5,14681.05,14863.7,14883.2,0.0,0.0
234,05/04/21 14:40,14665.2,14670.7,14648.8,14654.15,,,,14863.7,14883.2,0.0,0.0
235,05/04/21 14:35,14663.35,14668.35,14655.3,14665.0,,,,14863.7,14883.2,0.0,0.0
236,05/04/21 14:30,14661.5,14681.05,14654.55,14664.1,DZ,14647.0,14631.0,14863.7,14883.2,0.0,0.0
237,05/04/21 14:25,14644.6,14661.35,14635.3,14661.35,,,,14863.7,14883.2,0.0,0.0
238,05/04/21 14:20,14639.8,14648.45,14631.45,14644.65,,,,14863.7,14883.2,0.0,0.0
239,05/04/21 14:15,14647.0,14659.25,14631.0,14640.05,DZ,14629.7,14601.75,14863.7,14883.2,0.0,0.0
240,05/04/21 14:10,14625.95,14646.95,14614.55,14646.95,,,,14863.7,14883.2,0.0,0.0
241,05/04/21 14:05,14629.7,14637.1,14622.4,14626.4,,,,14863.7,14883.2,0.0,0.0
242,05/04/21 14:00,14617.8,14631.35,14601.75,14628.65,,,,14863.7,14883.2,0.0,0.0
243,05/04/21 13:55,14642.35,14643.55,14622.1,14622.1,DZ,14629.1,14623.9,14863.7,14883.2,0.0,0.0
244,05/04/21 13:50,14627.4,14645.65,14620.45,14641.8,,,,14863.7,14883.2,0.0,0.0
245,05/04/21 13:45,14629.1,14640.05,14623.9,14627.05,DZ,14608.6,14590.55,14863.7,14883.2,0.0,0.0
246,05/04/21 13:40,14609.7,14642.05,14609.7,14628.6,,,,14863.7,14883.2,0.0,0.0
247,05/04/21 13:35,14604.15,14610.35,14598.95,14608.6,,,,14863.7,14883.2,0.0,0.0
248,05/04/21 13:30,14601.05,14612.7,14590.55,14604.0,,,,14863.7,14883.2,0.0,0.0
249,05/04/21 13:25,14611.75,14614.05,14599.45,14600.85,,,,14863.7,14883.2,0.0,0.0
250,05/04/21 13:20,14583.4,14618.8,14578.35,14612.6,,,,14863.7,14883.2,0.0,0.0
251,05/04/21 13:15,14574.65,14584.85,14569.4,14584.85,,,,14863.7,14883.2,0.0,0.0
252,05/04/21 13:10,14562.45,14574.65,14556.7,14574.5,,,,14863.7,14883.2,0.0,0.0
253,05/04/21 13:05,14548.6,14566.5,14544.35,14562.0,,,,14863.7,14883.2,0.0,0.0
254,05/04/21 13:00,14581.45,14583.5,14540.95,14550.7,,,,14863.7,14883.2,0.0,0.0
255,05/04/21 12:55,14578.55,14585.4,14569.95,14580.8,,,,14863.7,14883.2,14549.45,14527.6
256,05/04/21 12:50,14573.9,14584.0,14560.7,14578.5,,,,14863.7,14883.2,14549.45,14527.6
257,05/04/21 12:45,14589.55,14592.75,14563.95,14576.8,,,,14863.7,14883.2,14549.45,14527.6
258,05/04/21 12:40,14587.05,14591.7,14575.65,14589.5,,,,14863.7,14883.2,14549.45,14527.6
259,05/04/21 12:35,14572.7,14592.05,14562.25,14586.6,,,,14863.7,14883.2,14549.45,14527.6
260,05/04/21 12:30,14559.95,14575.25,14554.15,14573.85,DZ,14549.45,14527.6,14863.7,14883.2,0.0,0.0
261,05/04/21 12:25,14550.1,14562.65,14544.35,14559.25,,,,14863.7,14883.2,0.0,0.0
262,05/04/21 12:20,14547.55,14549.85,14537.2,14549.45,,,,14863.7,14883.2,0.0,0.0
263,05/04/21 12:15,14537.5,14552.65,14527.6,14547.45,,,,14863.7,14883.2,0.0,0.0
264,05/04/21 12:10,14534.2,14542.5,14528.9,14537.25,,,,14863.7,14883.2,0.0,0.0
265,05/04/21 12:05,14522.8,14533.8,14517.65,14533.8,,,,14863.7,14883.2,0.0,0.0
266,05/04/21 12:00,14518.7,14525.1,14512.7,14523.3,,,,14863.7,14883.2,0.0,0.0
267,05/04/21 11:55,14524.6,14526.75,14505.1,14517.5,,,,14863.7,14883.2,0.0,0.0
268,05/04/21 11:50,14516.5,14525.9,14509.45,14524.55,,,,14863.7,14883.2,0.0,0.0
269,05/04/21 11:45,14526.95,14540.1,14504.15,14516.55,,,,14863.7,14883.2,0.0,0.0
270,05/04/21 11:40,14520.05,14536.45,14513.95,14526.6,,,,14863.7,14883.2,0.0,0.0
271,05/04/21 11:35,14495.35,14521.6,14490.0,14519.9,,,,14863.7,14883.2,0.0,0.0
272,05/04/21 11:30,14491.95,14500.15,14462.5,14494.3,,,,14863.7,14883.2,0.0,0.0
273,05/04/21 11:25,14501.15,14504.85,14480.7,14492.55,,,,14863.7,14883.2,0.0,0.0
274,05/04/21 11:20,14491.1,14509.3,14487.2,14501.1,,,,14863.7,14883.2,0.0,0.0
275,05/04/21 11:15,14473.3,14497.9,14461.35,14490.75,SZ,14499.75,14523.2,14863.7,14883.2,0.0,0.0
276,05/04/21 11:10,14500.25,14505.45,14459.5,14473.95,,,,14863.7,14883.2,0.0,0.0
277,05/04/21 11:05,14509.25,14523.2,14498.9,14499.75,,,,14863.7,14883.2,0.0,0.0
278,05/04/21 11:00,14538.05,14539.65,14498.75,14511.35,,,,14863.7,14883.2,0.0,0.0
279,05/04/21 10:55,14545.65,14546.8,14531.5,14538.0,,,,14863.7,14883.2,0.0,0.0
280,05/04/21 10:50,14537.25,14551.9,14530.8,14546.0,,,,14863.7,14883.2,0.0,0.0
281,05/04/21 10:45,14534.8,14539.35,14522.05,14536.65,,,,14863.7,14883.2,0.0,0.0
282,05/04/21 10:40,14535.65,14548.75,14520.85,14534.1,,,,14863.7,14883.2,0.0,0.0
283,05/04/21 10:35,14518.6,14553.15,14514.4,14536.05,SZ,14555.25,14575.25,14863.7,14883.2,0.0,0.0
284,05/04/21 10:30,14560.8,14560.8,14513.05,14517.65,,,,14863.7,14883.2,0.0,0.0
285,05/04/21 10:25,14555.25,14575.25,14540.15,14561.05,,,,14863.7,14883.2,0.0,0.0
286,05/04/21 10:20,14483.25,14563.1,14481.7,14553.7,,,,14863.7,14883.2,0.0,0.0
287,05/04/21 10:15,14574.45,14574.45,14479.3,14487.35,SZ,14610.8,14624.1,14863.7,14883.2,0.0,0.0
288,05/04/21 10:10,14611.15,14624.75,14559.5,14575.85,,,,14863.7,14883.2,0.0,0.0
289,05/04/21 10:05,14615.05,14624.1,14587.4,14610.8,,,,14863.7,14883.2,0.0,0.0
290,05/04/21 10:00,14664.8,14666.0,14576.7,14614.7,,,,14863.7,14883.2,0.0,0.0
291,05/04/21 9:55,14742.2,14742.2,14666.7,14667.3,,,,14863.7,14883.2,0.0,0.0
292,05/04/21 9:50,14761.35,14772.75,14738.5,14742.55,,,,14863.7,14883.2,14687.75,14676.05
293,05/04/21 9:45,14777.8,14779.4,14761.45,14762.25,,,,14863.7,14883.2,14687.75,14676.05
294,05/04/21 9:40,14759.7,14781.35,14757.5,14778.95,,,,14863.7,14883.2,14687.75,14676.05
295,05/04/21 9:35,14763.15,14776.75,14757.4,14760.45,,,,14863.7,14883.2,14687.75,14676.05
296,05/04/21 9:30,14778.4,14785.15,14751.1,14763.1,,,,14863.7,14883.2,14687.75,14676.05
297,05/04/21 9:25,14772.25,14790.4,14760.15,14778.75,,,,14863.7,14883.2,14687.75,14676.05
298,05/04/21 9:20,14760.55,14772.85,14736.6,14771.3,SZ,14863.7,14883.2,0.0,0.0,14687.75,14676.05
299,05/04/21 9:15,14849.85,14849.85,14751.95,14760.95,,,,0.0,0.0,14687.75,14676.05
300,01/04/21 15:25,14864.75,14866.65,14855.85,14865.95,,,,0.0,0.0,14687.75,14676.05
301,01/04/21 15:20,14872.45,14881.65,14863.35,14863.7,,,,0.0,0.0,14687.75,14676.05
302,01/04/21 15:15,14875.55,14883.2,14870.65,14871.2,DZ,14863.4,14857.85,0.0,0.0,14687.75,14676.05
303,01/04/21 15:10,14863.6,14878.55,14862.1,14875.35,,,,0.0,0.0,14687.75,14676.05
304,01/04/21 15:05,14861.15,14864.9,14857.85,14863.4,DZ,14849.8,14841.7,0.0,0.0,14687.75,14676.05
305,01/04/21 15:00,14845.55,14861.3,14842.05,14860.85,,,,0.0,0.0,14687.75,14676.05
306,01/04/21 14:55,14849.8,14856.9,14841.7,14846.0,,,,0.0,0.0,14687.75,14676.05
307,01/04/21 14:50,14859.75,14864.75,14848.5,14850.15,,,,0.0,0.0,14687.75,14676.05
308,01/04/21 14:45,14847.75,14860.85,14842.9,14860.1,SZ,14860.35,14864.15,0.0,0.0,14687.75,14676.05
309,01/04/21 14:40,14860.45,14867.4,14847.35,14847.65,,,,0.0,0.0,14687.75,14676.05
310,01/04/21 14:35,14860.35,14864.15,14855.6,14860.35,,,,0.0,0.0,14687.75,14676.05
311,01/04/21 14:30,14848.9,14861.1,14841.75,14859.65,SZ,14855.15,14862.3,0.0,0.0,14687.75,14676.05
312,01/04/21 14:25,14859.0,14859.0,14840.45,14849.2,,,,0.0,0.0,14687.75,14676.05
313,01/04/21 14:20,14855.15,14862.3,14848.55,14858.0,,,,0.0,0.0,14687.75,14676.05
314,01/04/21 14:15,14842.85,14855.4,14840.2,14854.75,,,,0.0,0.0,14687.75,14676.05
315,01/04/21 14:10,14834.0,14842.75,14833.65,14842.05,,,,0.0,0.0,14687.75,14676.05
316,01/04/21 14:05,14817.65,14833.95,14817.1,14833.25,DZ,14808.35,14806.3,0.0,0.0,14687.75,14676.05
317,01/04/21 14:00,14808.6,14820.5,14808.35,14817.3,,,,0.0,0.0,14687.75,14676.05
318,01/04/21 13:55,14808.35,14810.6,14806.3,14807.9,SZ,14808.15,14828.45,0.0,0.0,14687.75,14676.05
319,01/04/21 13:50,14819.25,14819.25,14799.1,14805.35,,,,0.0,0.0,14687.75,14676.05
320,01/04/21 13:45,14815.45,14822.5,14812.1,14818.95,,,,0.0,0.0,14687.75,14676.05
321,01/04/21 13:40,14812.25,14828.45,14811.75,14815.15,,,,0.0,0.0,14687.75,14676.05
322,01/04/21 13:35,14808.15,14815.55,14806.75,14811.65,SZ,14816.55,14833.85,0.0,0.0,14687.75,14676.05
323,01/04/21 13:30,14819.65,14821.5,14804.15,14807.95,,,,0.0,0.0,14687.75,14676.05
324,01/04/21 13:25,14821.15,14833.85,14820.2,14820.4,,,,0.0,0.0,14687.75,14676.05
325,01/04/21 13:20,14816.55,14829.0,14804.7,14820.95,,,,0.0,0.0,14687.75,14676.05
326,01/04/21 13:15,14791.7,14821.5,14791.7,14816.65,DZ,14772.3,14752.85,0.0,0.0,14687.75,14676.05
327,01/04/21 13:10,14773.25,14791.75,14768.05,14790.0,,,,0.0,0.0,14687.75,14676.05
328,01/04/21 13:05,14766.55,14775.95,14762.8,14772.3,,,,0.0,0.0,14687.75,14676.05
329,01/04/21 13:00,14761.3,14770.9,14752.85,14766.1,,,,0.0,0.0,14687.75,14676.05
330,01/04/21 12:55,14752.45,14766.1,14752.15,14761.1,DZ,14745.95,14727.5,0.0,0.0,14687.75,14676.05
331,01/04/21 12:50,14735.65,14752.4,14734.25,14752.4,,,,0.0,0.0,14687.75,14676.05
332,01/04/21 12:45,14745.95,14754.45,14727.5,14735.5,,,,0.0,0.0,14687.75,14676.05
333,01/04/21 12:40,14741.3,14746.0,14736.5,14745.7,SZ,14736.5,14750.35,0.0,0.0,14687.75,14676.05
334,01/04/21 12:35,14746.15,14747.2,14738.75,14740.85,,,,0.0,0.0,14687.75,14676.05
335,01/04/21 12:30,14743.3,14750.35,14741.4,14745.6,,,,0.0,0.0,14687.75,14676.05
336,01/04/21 12:25,14736.5,14745.75,14730.6,14742.95,SZ,14751.05,14760.4,0.0,0.0,14687.75,14676.05
337,01/04/21 12:20,14751.6,14751.75,14729.3,14735.55,,,,0.0,0.0,14687.75,14676.05
338,01/04/21 12:15,14753.6,14757.45,14749.95,14751.05,,,,0.0,0.0,14687.75,14676.05
339,01/04/21 12:10,14755.4,14760.4,14748.45,14753.4,DZ,14738.4,14730.3,0.0,0.0,14687.75,14676.05
340,01/04/21 12:05,14739.0,14757.1,14738.9,14756.25,,,,0.0,0.0,14687.75,14676.05
341,01/04/21 12:00,14735.65,14739.45,14730.3,14738.4,,,,0.0,0.0,14687.75,14676.05
342,01/04/21 11:55,14738.1,14747.1,14733.45,14734.7,,,,0.0,0.0,14687.75,14676.05
343,01/04/21 11:50,14718.6,14739.45,14715.9,14738.05,,,,0.0,0.0,14687.75,14676.05
344,01/04/21 11:45,14719.6,14721.75,14716.2,14718.95,,,,0.0,0.0,14687.75,14676.05
345,01/04/21 11:40,14720.85,14723.0,14719.05,14719.55,,,,0.0,0.0,14687.75,14676.05
346,01/04/21 11:35,14715.35,14723.45,14710.95,14720.1,,,,0.0,0.0,14687.75,14676.05
347,01/04/21 11:30,14713.85,14721.0,14713.3,14715.55,,,,0.0,0.0,14687.75,14676.05
348,01/04/21 11:25,14714.1,14714.6,14705.4,14713.95,,,,0.0,0.0,14687.75,14676.05
349,01/04/21 11:20,14715.7,14721.2,14710.8,14713.85,,,,0.0,0.0,14687.75,14676.05
350,01/04/21 11:15,14727.75,14731.45,14710.2,14715.15,,,,0.0,0.0,14687.75,14676.05
351,01/04/21 11:10,14716.4,14727.85,14711.8,14727.6,,,,0.0,0.0,14687.75,14676.05
352,01/04/21 11:05,14703.85,14717.7,14701.3,14716.2,SZ,14707.55,14726.1,0.0,0.0,14687.75,14676.05
353,01/04/21 11:00,14713.8,14713.8,14692.45,14702.7,,,,0.0,0.0,14687.75,14676.05
354,01/04/21 10:55,14707.6,14718.55,14696.4,14712.8,,,,0.0,0.0,14687.75,14676.05
355,01/04/21 10:50,14716.55,14726.1,14706.8,14707.55,SZ,14742.7,14749.15,0.0,0.0,14687.75,14676.05
356,01/04/21 10:45,14743.1,14743.35,14715.75,14716.2,,,,0.0,0.0,14687.75,14676.05
357,01/04/21 10:40,14747.25,14749.15,14738.9,14742.7,SZ,14757.3,14761.4,0.0,0.0,14687.75,14676.05
358,01/04/21 10:35,14759.6,14761.65,14747.05,14747.95,,,,0.0,0.0,14687.75,14676.05
359,01/04/21 10:30,14757.3,14761.4,14742.4,14759.2,SZ,14765.9,14782.75,0.0,0.0,14687.75,14676.05
360,01/04/21 10:25,14769.25,14771.35,14756.0,14757.45,,,,0.0,0.0,14687.75,14676.05
361,01/04/21 10:20,14773.15,14775.2,14763.9,14768.65,,,,0.0,0.0,14687.75,14676.05
362,01/04/21 10:15,14765.9,14782.75,14764.5,14773.2,SZ,14776.9,14787.75,0.0,0.0,14687.75,14676.05
363,01/04/21 10:10,14778.0,14781.0,14765.15,14766.6,,,,0.0,0.0,14687.75,14676.05
364,01/04/21 10:05,14776.9,14786.75,14775.85,14777.35,,,,0.0,0.0,14687.75,14676.05
365,01/04/21 10:00,14778.8,14787.75,14772.35,14777.0,DZ,14775.95,14760.8,0.0,0.0,14687.75,14676.05
366,01/04/21 9:55,14770.1,14781.7,14770.1,14779.3,,,,0.0,0.0,14687.75,14676.05
367,01/04/21 9:50,14775.95,14788.3,14769.0,14770.45,,,,0.0,0.0,14687.75,14676.05
368,01/04/21 9:45,14774.2,14776.9,14763.65,14775.65,,,,0.0,0.0,14687.75,14676.05
369,01/04/21 9:40,14768.8,14775.2,14760.8,14774.95,,,,0.0,0.0,14687.75,14676.05
370,01/04/21 9:35,14781.85,14786.45,14763.85,14769.25,,,,0.0,0.0,14687.75,14676.05
371,01/04/21 9:30,14789.9,14795.35,14779.1,14782.05,,,,0.0,0.0,14687.75,14676.05
372,01/04/21 9:25,14803.8,14807.45,14778.15,14789.35,,,,0.0,0.0,14687.75,14676.05
373,01/04/21 9:20,14808.8,14813.7,14797.9,14801.7,,,,0.0,0.0,14687.75,14676.05
374,01/04/21 9:15,14798.6,14814.65,14781.15,14809.05,DZ,14687.75,14676.05,0.0,0.0,0.0,0.0
375,31/03/21 15:25,14687.25,14697.15,14686.05,14693.05,,,,0.0,0.0,0.0,0.0
376,31/03/21 15:20,14686.9,14699.9,14676.05,14687.75,SZ,14694.3,14706.15,0.0,0.0,0.0,0.0
377,31/03/21 15:15,14693.4,14696.95,14686.55,14686.7,,,,0.0,0.0,0.0,0.0
378,31/03/21 15:10,14700.05,14706.15,14686.9,14694.3,,,,0.0,0.0,0.0,0.0
379,31/03/21 15:05,14681.7,14703.95,14674.25,14700.35,SZ,14719.25,14729.75,0.0,0.0,0.0,0.0
380,31/03/21 15:00,14726.3,14726.95,14670.25,14682.6,,,,0.0,0.0,0.0,0.0
381,31/03/21 14:55,14719.25,14729.75,14711.2,14726.85,DZ,14710.1,14706.1,0.0,0.0,0.0,0.0
382,31/03/21 14:50,14708.65,14723.35,14708.0,14719.6,,,,0.0,0.0,0.0,0.0
383,31/03/21 14:45,14710.1,14718.5,14706.1,14707.55,,,,0.0,0.0,0.0,0.0
384,31/03/21 14:40,14700.55,14713.65,14699.15,14710.4,SZ,14704.35,14716.95,0.0,0.0,0.0,0.0
385,31/03/21 14:35,14712.8,14720.55,14699.9,14700.75,,,,0.0,0.0,0.0,0.0
386,31/03/21 14:30,14704.35,14716.95,14697.55,14712.85,,,,0.0,0.0,0.0,0.0
387,31/03/21 14:25,14723.1,14724.1,14702.15,14702.7,,,,0.0,0.0,0.0,0.0
388,31/03/21 14:20,14737.35,14739.15,14720.05,14723.4,,,,0.0,0.0,0.0,0.0
389,31/03/21 14:15,14740.25,14749.8,14731.85,14737.25,,,,0.0,0.0,0.0,0.0
390,31/03/21 14:10,14739.0,14746.15,14734.7,14740.6,,,,0.0,0.0,0.0,0.0
391,31/03/21 14:05,14736.35,14740.3,14725.25,14739.55,,,,0.0,0.0,0.0,0.0
392,31/03/21 14:00,14733.75,14738.8,14728.1,14736.2,,,,0.0,0.0,0.0,0.0
393,31/03/21 13:55,14730.5,14736.5,14716.1,14733.7,,,,0.0,0.0,0.0,0.0
394,31/03/21 13:50,14712.65,14730.8,14712.65,14729.3,,,,0.0,0.0,0.0,0.0
395,31/03/21 13:45,14727.4,14727.9,14710.85,14712.55,DZ,14718.5,14711.2,0.0,0.0,0.0,0.0
396,31/03/21 13:40,14717.9,14730.05,14712.85,14727.8,,,,0.0,0.0,0.0,0.0
397,31/03/21 13:35,14717.85,14724.25,14711.2,14718.5,,,,0.0,0.0,0.0,0.0
398,31/03/21 13:30,14700.5,14718.65,14693.65,14717.35,SZ,14709.4,14715.55,0.0,0.0,0.0,0.0
399,31/03/21 13:25,14710.95,14717.55,14698.25,14699.8,,,,0.0,0.0,0.0,0.0
400,31/03/21 13:20,14709.4,14715.55,14691.25,14711.15,,,,0.0,0.0,0.0,0.0
401,31/03/21 13:15,14747.65,14757.7,14701.8,14709.2,SZ,14760.8,14776.0,0.0,0.0,0.0,0.0
402,31/03/21 13:10,14760.7,14767.7,14743.5,14746.4,,,,0.0,0.0,0.0,0.0
403,31/03/21 13:05,14761.25,14776.0,14757.85,14760.8,,,,0.0,0.0,0.0,0.0
404,31/03/21 13:00,14744.15,14765.45,14735.0,14761.1,,,,0.0,0.0,0.0,0.0
405,31/03/21 12:55,14739.75,14747.55,14730.5,14743.65,,,,0.0,0.0,0.0,0.0
406,31/03/21 12:50,14739.55,14740.65,14730.75,14739.15,,,,0.0,0.0,0.0,0.0
407,31/03/21 12:45,14745.65,14752.3,14736.2,14739.45,,,,0.0,0.0,0.0,0.0
408,31/03/21 12:40,14741.9,14748.7,14737.05,14745.55,,,,0.0,0.0,0.0,0.0
409,31/03/21 12:35,14740.45,14745.2,14734.2,14742.3,,,,0.0,0.0,0.0,0.0
410,31/03/21 12:30,14730.5,14741.65,14727.25,14740.35,,,,0.0,0.0,0.0,0.0
411,31/03/21 12:25,14736.7,14739.55,14727.15,14730.25,,,,0.0,0.0,0.0,0.0
412,31/03/21 12:20,14743.3,14749.2,14735.4,14737.25,,,,0.0,0.0,0.0,0.0
413,31/03/21 12:15,14734.65,14744.55,14726.45,14742.8,,,,0.0,0.0,0.0,0.0
414,31/03/21 12:10,14731.6,14740.25,14726.8,14734.9,,,,0.0,0.0,0.0,0.0
415,31/03/21 12:05,14735.85,14739.65,14730.55,14731.45,DZ,14731.25,14715.25,0.0,0.0,0.0,0.0
416,31/03/21 12:00,14722.65,14743.05,14718.7,14735.8,,,,0.0,0.0,0.0,0.0
417,31/03/21 11:55,14721.05,14726.15,14715.25,14722.25,,,,0.0,0.0,0.0,0.0
418,31/03/21 11:50,14726.25,14732.95,14718.8,14721.0,,,,0.0,0.0,0.0,0.0
419,31/03/21 11:45,14731.25,14738.5,14725.65,14725.95,,,,0.0,0.0,0.0,0.0
420,31/03/21 11:40,14716.75,14737.1,14713.35,14730.95,,,,0.0,0.0,0.0,0.0
421,31/03/21 11:35,14723.7,14727.7,14716.75,14717.65,SZ,14735.95,14745.35,0.0,0.0,0.0,0.0
422,31/03/21 11:30,14738.1,14738.75,14718.55,14723.25,,,,0.0,0.0,0.0,0.0
423,31/03/21 11:25,14735.95,14745.35,14730.95,14737.25,SZ,14736.4,14754.55,0.0,0.0,0.0,0.0
424,31/03/21 11:20,14744.75,14744.75,14730.65,14736.15,,,,0.0,0.0,0.0,0.0
425,31/03/21 11:15,14741.35,14754.55,14740.55,14744.4,,,,0.0,0.0,0.0,0.0
426,31/03/21 11:10,14736.4,14744.4,14731.25,14740.4,DZ,14725.15,14711.1,0.0,0.0,0.0,0.0
427,31/03/21 11:05,14724.45,14745.8,14722.8,14736.45,,,,0.0,0.0,0.0,0.0
428,31/03/21 11:00,14722.5,14728.55,14711.1,14725.15,,,,0.0,0.0,0.0,0.0
429,31/03/21 10:55,14722.35,14728.7,14715.6,14721.7,,,,0.0,0.0,0.0,0.0
430,31/03/21 10:50,14730.55,14738.35,14722.4,14722.45,DZ,14719.0,14703.5,0.0,0.0,0.0,0.0
431,31/03/21 10:45,14719.15,14730.1,14711.8,14730.1,,,,0.0,0.0,0.0,0.0
432,31/03/21 10:40,14713.4,14719.8,14703.5,14719.0,SZ,14734.0,14739.95,0.0,0.0,0.0,0.0
433,31/03/21 10:35,14738.0,14738.75,14712.1,14713.1,,,,0.0,0.0,0.0,0.0
434,31/03/21 10:30,14734.0,14739.95,14727.0,14738.05,DZ,14728.65,14718.4,0.0,0.0,0.0,0.0
435,31/03/21 10:25,14722.35,14736.75,14717.2,14734.9,,,,0.0,0.0,0.0,0.0
436,31/03/21 10:20,14728.65,14732.55,14718.4,14721.95,,,,0.0,0.0,0.0,0.0
437,31/03/21 10:15,14747.2,14756.85,14726.05,14728.3,,,,0.0,0.0,0.0,0.0
438,31/03/21 10:10,14757.95,14757.95,14741.1,14747.15,,,,0.0,0.0,0.0,0.0
439,31/03/21 10:05,14748.25,14766.65,14747.6,14758.45,SZ,14761.3,14772.95,0.0,0.0,0.0,0.0
440,31/03/21 10:00,14762.0,14762.0,14742.65,14748.7,,,,0.0,0.0,0.0,0.0
441,31/03/21 9:55,14764.35,14772.5,14755.85,14761.3,,,,0.0,0.0,0.0,0.0
442,31/03/21 9:50,14761.3,14772.95,14753.2,14763.85,,,,0.0,0.0,0.0,0.0
443,31/03/21 9:45,14781.75,14785.5,14759.15,14761.75,,,,0.0,0.0,0.0,0.0
444,31/03/21 9:40,14774.2,14790.05,14773.2,14783.0,,,,0.0,0.0,0.0,0.0
445,31/03/21 9:35,14747.05,14777.25,14739.7,14773.85,,,,0.0,0.0,0.0,0.0
446,31/03/21 9:30,14727.4,14751.4,14723.1,14745.5,SZ,14744.8,14756.75,0.0,0.0,0.0,0.0
447,31/03/21 9:25,14756.4,14761.1,14726.9,14727.6,,,,0.0,0.0,0.0,0.0
448,31/03/21 9:20,14744.8,14756.75,14731.15,14756.7,,,,0.0,0.0,0.0,0.0
449,31/03/21 9:15,14812.9,14813.75,14735.15,14746.15,,,,0.0,0.0,0.0,0.0
450,30/03/21 15:25,14837.85,14855.0,14828.25,14855.0,,,,0.0,0.0,0.0,0.0
451,30/03/21 15:20,14846.5,14863.1,14835.8,14837.7,,,,0.0,0.0,0.0,0.0
452,30/03/21 15:15,14849.55,14849.55,14835.2,14846.1,,,,0.0,0.0,0.0,0.0
453,30/03/21 15:10,14845.0,14859.2,14842.0,14850.1,,,,0.0,0.0,0.0,0.0
454,30/03/21 15:05,14844.2,14847.3,14834.25,14844.5,SZ,14863.85,14868.05,0.0,0.0,0.0,0.0
455,30/03/21 15:00,14865.1,14868.05,14826.75,14843.95,,,,0.0,0.0,0.0,0.0
456,30/03/21 14:55,14864.6,14868.05,14859.75,14863.85,,,,0.0,0.0,0.0,0.0
457,30/03/21 14:50,14849.95,14873.5,14847.55,14865.05,,,,0.0,0.0,0.0,0.0
458,30/03/21 14:45,14854.9,14863.65,14843.55,14849.4,,,,0.0,0.0,0.0,0.0
459,30/03/21 14:40,14855.2,14858.6,14849.85,14854.65,,,,0.0,0.0,0.0,0.0
460,30/03/21 14:35,14853.7,14866.25,14852.25,14854.8,,,,0.0,0.0,0.0,0.0
461,30/03/21 14:30,14850.7,14857.75,14834.65,14853.1,SZ,14864.85,14869.85,0.0,0.0,0.0,0.0
462,30/03/21 14:25,14869.4,14873.8,14846.2,14852.55,,,,0.0,0.0,0.0,0.0
463,30/03/21 14:20,14864.85,14869.85,14850.9,14869.85,DZ,14851.85,14826.95,0.0,0.0,0.0,0.0
464,30/03/21 14:15,14851.2,14876.3,14850.75,14864.4,,,,0.0,0.0,0.0,0.0
465,30/03/21 14:10,14848.05,14856.8,14844.55,14851.85,,,,0.0,0.0,0.0,0.0
466,30/03/21 14:05,14840.65,14851.3,14826.95,14847.05,,,,0.0,0.0,0.0,0.0
467,30/03/21 14:00,14816.3,14842.5,14815.4,14839.9,,,,0.0,0.0,0.0,0.0
468,30/03/21 13:55,14822.8,14822.9,14809.8,14814.35,,,,0.0,0.0,0.0,0.0
469,30/03/21 13:50,14814.0,14822.0,14811.05,14821.35,DZ,14804.15,14782.25,0.0,0.0,0.0,0.0
470,30/03/21 13:45,14804.5,14814.25,14798.05,14813.85,,,,0.0,0.0,0.0,0.0
471,30/03/21 13:40,14798.7,14812.75,14791.1,14804.15,,,,0.0,0.0,0.0,0.0
472,30/03/21 13:35,14800.75,14800.8,14782.25,14798.1,,,,0.0,0.0,0.0,0.0
473,30/03/21 13:30,14790.65,14800.6,14782.4,14798.95,DZ,14779.9,14763.05,0.0,0.0,0.0,0.0
474,30/03/21 13:25,14780.15,14794.9,14778.0,14789.95,,,,0.0,0.0,0.0,0.0
475,30/03/21 13:20,14774.95,14779.9,14763.05,14779.9,,,,0.0,0.0,0.0,0.0
476,30/03/21 13:15,14761.8,14775.65,14756.8,14774.9,,,,0.0,0.0,0.0,0.0
477,30/03/21 13:10,14738.0,14762.45,14736.55,14762.45,,,,14772.4,14783.0,0.0,0.0
478,30/03/21 13:05,14745.2,14745.35,14728.55,14738.05,,,,14772.4,14783.0,0.0,0.0
479,30/03/21 13:00,14752.8,14752.8,14732.25,14745.0,,,,14772.4,14783.0,0.0,0.0
480,30/03/21 12:55,14757.65,14760.75,14745.45,14753.8,,,,14772.4,14783.0,0.0,0.0
481,30/03/21 12:50,14764.4,14768.95,14746.1,14757.75,,,,14772.4,14783.0,0.0,0.0
482,30/03/21 12:45,14762.15,14768.5,14755.75,14764.3,,,,14772.4,14783.0,0.0,0.0
483,30/03/21 12:40,14759.0,14764.8,14748.45,14762.35,,,,14772.4,14783.0,0.0,0.0
484,30/03/21 12:35,14763.15,14769.75,14758.0,14759.85,DZ,14744.0,14733.25,14772.4,14783.0,0.0,0.0
485,30/03/21 12:30,14744.9,14764.65,14744.25,14763.9,,,,14772.4,14783.0,0.0,0.0
486,30/03/21 12:25,14742.4,14744.15,14733.25,14744.0,DZ,14722.3,14710.25,14772.4,14783.0,0.0,0.0
487,30/03/21 12:20,14721.4,14748.35,14716.9,14743.2,,,,14772.4,14783.0,0.0,0.0
488,30/03/21 12:15,14722.3,14724.45,14710.25,14721.3,,,,14772.4,14783.0,0.0,0.0
489,30/03/21 12:10,14712.4,14729.15,14710.9,14722.9,,,,14772.4,14783.0,0.0,0.0
490,30/03/21 12:05,14745.0,14746.6,14710.0,14713.4,SZ,14760.6,14766.8,14772.4,14783.0,0.0,0.0
491,30/03/21 12:00,14760.0,14764.4,14742.3,14744.35,,,,14772.4,14783.0,14718.35,14707.45
492,30/03/21 11:55,14764.9,14766.8,14757.6,14760.6,SZ,14772.4,14783.0,0.0,0.0,14718.35,14707.45
493,30/03/21 11:50,14772.65,14779.5,14765.1,14765.1,,,,0.0,0.0,14718.35,14707.45
494,30/03/21 11:45,14773.65,14783.0,14770.25,14772.4,,,,0.0,0.0,14718.35,14707.45
495,30/03/21 11:40,14773.55,14777.4,14763.75,14774.15,DZ,14761.0,14756.05,0.0,0.0,14718.35,14707.45
496,30/03/21 11:35,14760.75,14774.7,14753.3,14774.7,,,,0.0,0.0,14718.35,14707.45
497,30/03/21 11:30,14760.0,14763.25,14756.05,14761.0,SZ,14769.4,14781.3,0.0,0.0,14718.35,14707.45
498,30/03/21 11:25,14769.1,14772.35,14759.1,14759.95,,,,0.0,0.0,14718.35,14707.45
499,30/03/21 11:20,14772.15,14781.3,14768.35,14769.4,DZ,14758.05,14748.25,0.0,0.0,14718.35,14707.45
500,30/03/21 11:15,14757.9,14773.05,14757.8,14772.4,,,,0.0,0.0,14718.35,14707.45
501,30/03/21 11:10,14755.05,14761.05,14750.4,14757.7,,,,0.0,0.0,14718.35,14707.45
502,30/03/21 11:05,14757.8,14762.1,14748.25,14755.95,,,,0.0,0.0,14718.35,14707.45
503,30/03/21 11:00,14757.0,14759.95,14751.1,14758.05,SZ,14762.0,14776.3,14762.0,14776.3,14718.35,14707.45
504,30/03/21 10:55,14768.45,14772.05,14755.35,14757.05,,,,0.0,0.0,14718.35,14707.45
505,30/03/21 10:50,14762.0,14776.3,14761.1,14768.4,,,,0.0,0.0,14718.35,14707.45
506,30/03/21 10:45,14747.15,14762.6,14746.05,14762.25,,,,0.0,0.0,14718.35,14707.45
507,30/03/21 10:40,14761.1,14765.9,14744.25,14747.8,DZ,14754.05,14750.0,0.0,0.0,14718.35,14707.45
508,30/03/21 10:35,14751.8,14763.25,14748.75,14762.1,,,,0.0,0.0,14718.35,14707.45
509,30/03/21 10:30,14754.05,14764.65,14750.0,14752.1,DZ,14752.55,14745.65,0.0,0.0,14718.35,14707.45
510,30/03/21 10:25,14745.65,14755.25,14745.4,14754.5,,,,0.0,0.0,14718.35,14707.45
511,30/03/21 10:20,14752.55,14763.45,14745.65,14746.45,,,,0.0,0.0,14718.35,14707.45
512,30/03/21 10:15,14741.05,14762.05,14738.6,14753.2,,,,0.0,0.0,14718.35,14707.45
513,30/03/21 10:10,14727.4,14743.25,14727.35,14741.55,DZ,14718.35,14707.45,0.0,0.0,14718.35,14707.45
514,30/03/21 10:05,14717.9,14731.75,14716.95,14726.9,,,,0.0,0.0,0.0,0.0
515,30/03/21 10:00,14717.35,14723.1,14714.15,14718.3,,,,0.0,0.0,0.0,0.0
516,30/03/21 9:55,14714.7,14719.2,14707.45,14718.35,,,,0.0,0.0,0.0,0.0
517,30/03/21 9:50,14707.05,14717.6,14707.05,14715.1,,,,0.0,0.0,0.0,0.0
518,30/03/21 9:45,14688.45,14709.1,14688.25,14706.95,,,,0.0,0.0,0.0,0.0
